,image_name,class
0,contaminated-0070.jpg,Contaminated Water
1,contaminated-0071.jpg,Contaminated Water
2,contaminated-0072.jpg,Contaminated Water
3,contaminated-0073.jpg,Contaminated Water
4,contaminated-0074.jpg,Contaminated Water
5,contaminated-0075.jpg,Contaminated Water
6,contaminated-0076.jpg,Contaminated Water
7,contaminated-0077.jpg,Contaminated Water
8,contaminated-0078.jpg,Contaminated Water
9,contaminated-0079.jpg,Contaminated Water
10,contaminated-0080.jpg,Contaminated Water
11,contaminated-0081.jpg,Contaminated Water
12,contaminated-0082.jpg,Contaminated Water
13,contaminated-0083.jpg,Contaminated Water
14,contaminated-0084.jpg,Contaminated Water
15,contaminated-0085.jpg,Contaminated Water
16,contaminated-0086.jpg,Contaminated Water
17,contaminated-0087.jpg,Contaminated Water
18,contaminated-0088.jpg,Contaminated Water
19,contaminated-0089.jpg,Contaminated Water
20,contaminated-0090.jpg,Contaminated Water
21,contaminated-0091.jpg,Contaminated Water
22,contaminated-0092.jpg,Contaminated Water
23,contaminated-0093.jpg,Contaminated Water
24,contaminated-0094.jpg,Contaminated Water
25,contaminated-0095.jpg,Contaminated Water
26,contaminated-0096.jpg,Contaminated Water
27,contaminated-0097.jpg,Contaminated Water
28,contaminated-0098.jpg,Contaminated Water
29,contaminated-0099.jpg,Contaminated Water
30,contaminated-0100.jpg,Contaminated Water
31,contaminated-0101.jpg,Contaminated Water
32,contaminated-0102.jpg,Contaminated Water
33,contaminated-0103.jpg,Contaminated Water
34,contaminated-0104.jpg,Contaminated Water
35,contaminated-0105.jpg,Contaminated Water
36,contaminated-0106.jpg,Contaminated Water
37,contaminated-0107.jpg,Contaminated Water
38,contaminated-0108.jpg,Contaminated Water
39,contaminated-0109.jpg,Contaminated Water
40,contaminated-0110.jpg,Contaminated Water
41,contaminated-0111.jpg,Contaminated Water
42,contaminated-0112.jpg,Contaminated Water
43,contaminated-0113.jpg,Contaminated Water
44,contaminated-0114.jpg,Contaminated Water
45,contaminated-0115.jpg,Contaminated Water
46,contaminated-0116.jpg,Contaminated Water
47,contaminated-0117.jpg,Contaminated Water
48,contaminated-0118.jpg,Contaminated Water
49,contaminated-0119.jpg,Contaminated Water
50,contaminated-0120.jpg,Contaminated Water
51,contaminated-0121.jpg,Contaminated Water
52,contaminated-0122.jpg,Contaminated Water
53,contaminated-0123.jpg,Contaminated Water
54,contaminated-0124.jpg,Contaminated Water
55,contaminated-0125.jpg,Contaminated Water
56,contaminated-0126.jpg,Contaminated Water
57,contaminated-0127.jpg,Contaminated Water
58,contaminated-0128.jpg,Contaminated Water
59,contaminated-0129.jpg,Contaminated Water
60,contaminated-0130.jpg,Contaminated Water
61,contaminated-0131.jpg,Contaminated Water
62,contaminated-0132.jpg,Contaminated Water
63,contaminated-0133.jpg,Contaminated Water
64,contaminated-0134.jpg,Contaminated Water
65,contaminated-0135.jpg,Contaminated Water
66,contaminated-0136.jpg,Contaminated Water
67,contaminated-0137.jpg,Contaminated Water
68,contaminated-0138.jpg,Contaminated Water
69,contaminated-0139.jpg,Contaminated Water
70,contaminated-0140.jpg,Contaminated Water
71,contaminated-0141.jpg,Contaminated Water
72,contaminated-0142.jpg,Contaminated Water
73,contaminated-0143.jpg,Contaminated Water
74,contaminated-0144.jpg,Contaminated Water
75,contaminated-0145.jpg,Contaminated Water
76,contaminated-0146.jpg,Contaminated Water
77,contaminated-0147.jpg,Contaminated Water
78,contaminated-0148.jpg,Contaminated Water
79,contaminated-0149.jpg,Contaminated Water
80,contaminated-0150.jpg,Contaminated Water
81,contaminated-0151.jpg,Contaminated Water
82,contaminated-0152.jpg,Contaminated Water
83,contaminated-0153.jpg,Contaminated Water
84,contaminated-0154.jpg,Contaminated Water
85,contaminated-0155.jpg,Contaminated Water
86,contaminated-0156.jpg,Contaminated Water
87,contaminated-0157.jpg,Contaminated Water
88,contaminated-0158.jpg,Contaminated Water
89,contaminated-0159.jpg,Contaminated Water
90,contaminated-0160.jpg,Contaminated Water
91,contaminated-0161.jpg,Contaminated Water
92,contaminated-0162.jpg,Contaminated Water
93,contaminated-0163.jpg,Contaminated Water
94,contaminated-0164.jpg,Contaminated Water
95,contaminated-0165.jpg,Contaminated Water
96,contaminated-0166.jpg,Contaminated Water
97,contaminated-0167.jpg,Contaminated Water
98,contaminated-0168.jpg,Contaminated Water
99,contaminated-0169.jpg,Contaminated Water
100,contaminated-0170.jpg,Contaminated Water
101,contaminated-0171.jpg,Contaminated Water
102,contaminated-0172.jpg,Contaminated Water
103,contaminated-0173.jpg,Contaminated Water
104,contaminated-0174.jpg,Contaminated Water
105,contaminated-0175.jpg,Contaminated Water
106,contaminated-0176.jpg,Contaminated Water
107,contaminated-0177.jpg,Contaminated Water
108,contaminated-0178.jpg,Contaminated Water
109,contaminated-0179.jpg,Contaminated Water
110,contaminated-0180.jpg,Contaminated Water
111,contaminated-0181.jpg,Contaminated Water
112,contaminated-0182.jpg,Contaminated Water
113,contaminated-0183.jpg,Contaminated Water
114,contaminated-0184.jpg,Contaminated Water
115,contaminated-0185.jpg,Contaminated Water
116,contaminated-0186.jpg,Contaminated Water
117,contaminated-0187.jpg,Contaminated Water
118,contaminated-0188.jpg,Contaminated Water
119,contaminated-0189.jpg,Contaminated Water
120,contaminated-0190.jpg,Contaminated Water
121,contaminated-0191.jpg,Contaminated Water
122,contaminated-0192.jpg,Contaminated Water
123,contaminated-0193.jpg,Contaminated Water
124,contaminated-0194.jpg,Contaminated Water
125,contaminated-0195.jpg,Contaminated Water
126,contaminated-0196.jpg,Contaminated Water
127,contaminated-0197.jpg,Contaminated Water
128,contaminated-0198.jpg,Contaminated Water
129,contaminated-0199.jpg,Contaminated Water
130,contaminated-0200.jpg,Contaminated Water
131,contaminated-0201.jpg,Contaminated Water
132,contaminated-0202.jpg,Contaminated Water
133,contaminated-0203.jpg,Contaminated Water
134,contaminated-0204.jpg,Contaminated Water
135,contaminated-0205.jpg,Contaminated Water
136,contaminated-0206.jpg,Contaminated Water
137,contaminated-0207.jpg,Contaminated Water
138,contaminated-0208.jpg,Contaminated Water
139,contaminated-0209.jpg,Contaminated Water
140,contaminated-0210.jpg,Contaminated Water
141,contaminated-0211.jpg,Contaminated Water
142,contaminated-0212.jpg,Contaminated Water
143,contaminated-0213.jpg,Contaminated Water
144,contaminated-0214.jpg,Contaminated Water
145,contaminated-0215.jpg,Contaminated Water
146,contaminated-0216.jpg,Contaminated Water
147,contaminated-0217.jpg,Contaminated Water
148,contaminated-0218.jpg,Contaminated Water
149,contaminated-0219.jpg,Contaminated Water
150,contaminated-0220.jpg,Contaminated Water
151,contaminated-0221.jpg,Contaminated Water
152,contaminated-0222.jpg,Contaminated Water
153,contaminated-0223.jpg,Contaminated Water
154,contaminated-0224.jpg,Contaminated Water
155,contaminated-0225.jpg,Contaminated Water
156,contaminated-0226.jpg,Contaminated Water
157,contaminated-0227.jpg,Contaminated Water
158,contaminated-0228.jpg,Contaminated Water
159,contaminated-0229.jpg,Contaminated Water
160,contaminated-0230.jpg,Contaminated Water
161,contaminated-0231.jpg,Contaminated Water
162,contaminated-0232.jpg,Contaminated Water
163,contaminated-0233.jpg,Contaminated Water
164,contaminated-0234.jpg,Contaminated Water
165,contaminated-0235.jpg,Contaminated Water
166,contaminated-0236.jpg,Contaminated Water
167,contaminated-0237.jpg,Contaminated Water
168,contaminated-0238.jpg,Contaminated Water
169,contaminated-0239.jpg,Contaminated Water
170,contaminated-0240.jpg,Contaminated Water
171,contaminated-0241.jpg,Contaminated Water
172,contaminated-0242.jpg,Contaminated Water
173,contaminated-0243.jpg,Contaminated Water
174,contaminated-0244.jpg,Contaminated Water
175,contaminated-0245.jpg,Contaminated Water
176,contaminated-0246.jpg,Contaminated Water
177,contaminated-0247.jpg,Contaminated Water
178,contaminated-0248.jpg,Contaminated Water
179,contaminated-0249.jpg,Contaminated Water
180,contaminated-0250.jpg,Contaminated Water
181,contaminated-0251.jpg,Contaminated Water
182,contaminated-0252.jpg,Contaminated Water
183,contaminated-0253.jpg,Contaminated Water
184,contaminated-0254.jpg,Contaminated Water
185,contaminated-0255.jpg,Contaminated Water
186,contaminated-0256.jpg,Contaminated Water
187,contaminated-0257.jpg,Contaminated Water
188,contaminated-0258.jpg,Contaminated Water
189,contaminated-0259.jpg,Contaminated Water
190,contaminated-0260.jpg,Contaminated Water
191,contaminated-0261.jpg,Contaminated Water
192,contaminated-0262.jpg,Contaminated Water
193,contaminated-0263.jpg,Contaminated Water
194,contaminated-0264.jpg,Contaminated Water
195,contaminated-0265.jpg,Contaminated Water
196,contaminated-0266.jpg,Contaminated Water
197,contaminated-0267.jpg,Contaminated Water
198,contaminated-0268.jpg,Contaminated Water
199,contaminated-0269.jpg,Contaminated Water
200,contaminated-0270.jpg,Contaminated Water
201,contaminated-0271.jpg,Contaminated Water
202,contaminated-0272.jpg,Contaminated Water
203,contaminated-0273.jpg,Contaminated Water
204,contaminated-0274.jpg,Contaminated Water
205,contaminated-0275.jpg,Contaminated Water
206,contaminated-0276.jpg,Contaminated Water
207,contaminated-0277.jpg,Contaminated Water
208,contaminated-0278.jpg,Contaminated Water
209,contaminated-0279.jpg,Contaminated Water
210,contaminated-0280.jpg,Contaminated Water
211,contaminated-0281.jpg,Contaminated Water
212,contaminated-0282.jpg,Contaminated Water
213,contaminated-0283.jpg,Contaminated Water
214,contaminated-0284.jpg,Contaminated Water
215,contaminated-0285.jpg,Contaminated Water
216,contaminated-0286.jpg,Contaminated Water
217,contaminated-0287.jpg,Contaminated Water
218,contaminated-0288.jpg,Contaminated Water
219,contaminated-0289.jpg,Contaminated Water
220,contaminated-0290.jpg,Contaminated Water
221,contaminated-0291.jpg,Contaminated Water
222,contaminated-0292.jpg,Contaminated Water
223,contaminated-0293.jpg,Contaminated Water
224,contaminated-0294.jpg,Contaminated Water
225,contaminated-0295.jpg,Contaminated Water
226,contaminated-0296.jpg,Contaminated Water
227,contaminated-0297.jpg,Contaminated Water
228,contaminated-0298.jpg,Contaminated Water
229,contaminated-0299.jpg,Contaminated Water
230,contaminated-0300.jpg,Contaminated Water
231,contaminated-0301.jpg,Contaminated Water
232,contaminated-0302.jpg,Contaminated Water
233,contaminated-0303.jpg,Contaminated Water
234,contaminated-0304.jpg,Contaminated Water
235,contaminated-0305.jpg,Contaminated Water
236,contaminated-0306.jpg,Contaminated Water
237,contaminated-0307.jpg,Contaminated Water
238,contaminated-0308.jpg,Contaminated Water
239,contaminated-0309.jpg,Contaminated Water
240,contaminated-0310.jpg,Contaminated Water
241,contaminated-0311.jpg,Contaminated Water
242,contaminated-0312.jpg,Contaminated Water
243,contaminated-0313.jpg,Contaminated Water
244,contaminated-0314.jpg,Contaminated Water
245,contaminated-0315.jpg,Contaminated Water
246,contaminated-0316.jpg,Contaminated Water
247,contaminated-0317.jpg,Contaminated Water
248,contaminated-0318.jpg,Contaminated Water
249,contaminated-0319.jpg,Contaminated Water
250,contaminated-0320.jpg,Contaminated Water
251,contaminated-0321.jpg,Contaminated Water
252,contaminated-0322.jpg,Contaminated Water
253,contaminated-0323.jpg,Contaminated Water
254,contaminated-0324.jpg,Contaminated Water
255,contaminated-0325.jpg,Contaminated Water
256,contaminated-0326.jpg,Contaminated Water
257,contaminated-0327.jpg,Contaminated Water
258,contaminated-0328.jpg,Contaminated Water
259,contaminated-0329.jpg,Contaminated Water
260,contaminated-0330.jpg,Contaminated Water
261,contaminated-0331.jpg,Contaminated Water
262,contaminated-0332.jpg,Contaminated Water
263,contaminated-0333.jpg,Contaminated Water
264,contaminated-0334.jpg,Contaminated Water
265,contaminated-0335.jpg,Contaminated Water
266,contaminated-0336.jpg,Contaminated Water
267,contaminated-0337.jpg,Contaminated Water
268,contaminated-0338.jpg,Contaminated Water
269,contaminated-0339.jpg,Contaminated Water
270,contaminated-0340.jpg,Contaminated Water
271,contaminated-0341.jpg,Contaminated Water
272,contaminated-0342.jpg,Contaminated Water
273,contaminated-0343.jpg,Contaminated Water
274,contaminated-0344.jpg,Contaminated Water
275,contaminated-0345.jpg,Contaminated Water
276,contaminated-0346.jpg,Contaminated Water
277,contaminated-0347.jpg,Contaminated Water
278,contaminated-0348.jpg,Contaminated Water
279,contaminated-0349.jpg,Contaminated Water
280,contaminated-0350.jpg,Contaminated Water
281,water-0351.jpg,Normal Water
282,water-0352.jpg,Normal Water
283,water-0353.jpg,Normal Water
284,water-0354.jpg,Normal Water
285,water-0355.jpg,Normal Water
286,water-0356.jpg,Normal Water
287,water-0357.jpg,Normal Water
288,water-0358.jpg,Normal Water
289,water-0359.jpg,Normal Water
290,water-0360.jpg,Normal Water
291,water-0361.jpg,Normal Water
292,water-0362.jpg,Normal Water
293,water-0363.jpg,Normal Water
294,water-0364.jpg,Normal Water
295,water-0365.jpg,Normal Water
296,water-0366.jpg,Normal Water
297,water-0367.jpg,Normal Water
298,water-0368.jpg,Normal Water
299,water-0369.jpg,Normal Water
300,water-0370.jpg,Normal Water
301,water-0371.jpg,Normal Water
302,water-0372.jpg,Normal Water
303,water-0373.jpg,Normal Water
304,water-0374.jpg,Normal Water
305,water-0375.jpg,Normal Water
306,water-0376.jpg,Normal Water
307,water-0377.jpg,Normal Water
308,water-0378.jpg,Normal Water
309,water-0379.jpg,Normal Water
310,water-0380.jpg,Normal Water
311,water-0381.jpg,Normal Water
312,water-0382.jpg,Normal Water
313,water-0383.jpg,Normal Water
314,water-0384.jpg,Normal Water
315,water-0385.jpg,Normal Water
316,water-0386.jpg,Normal Water
317,water-0387.jpg,Normal Water
318,water-0388.jpg,Normal Water
319,water-0389.jpg,Normal Water
320,water-0390.jpg,Normal Water
321,water-0391.jpg,Normal Water
322,water-0392.jpg,Normal Water
323,water-0393.jpg,Normal Water
324,water-0394.jpg,Normal Water
325,water-0395.jpg,Normal Water
326,water-0396.jpg,Normal Water
327,water-0397.jpg,Normal Water
328,water-0398.jpg,Normal Water
329,water-0399.jpg,Normal Water
330,water-0400.jpg,Normal Water
331,water-0401.jpg,Normal Water
332,water-0402.jpg,Normal Water
333,water-0403.jpg,Normal Water
334,water-0404.jpg,Normal Water
335,water-0405.jpg,Normal Water
336,water-0406.jpg,Normal Water
337,water-0407.jpg,Normal Water
338,water-0408.jpg,Normal Water
339,water-0409.jpg,Normal Water
340,water-0410.jpg,Normal Water
341,water-0411.jpg,Normal Water
342,water-0412.jpg,Normal Water
343,water-0413.jpg,Normal Water
344,water-0414.jpg,Normal Water
345,water-0415.jpg,Normal Water
346,water-0416.jpg,Normal Water
347,water-0417.jpg,Normal Water
348,water-0418.jpg,Normal Water
349,water-0419.jpg,Normal Water
350,water-0420.jpg,Normal Water
351,water-0421.jpg,Normal Water
352,water-0422.jpg,Normal Water
353,water-0423.jpg,Normal Water
354,water-0424.jpg,Normal Water
355,water-0425.jpg,Normal Water
356,water-0426.jpg,Normal Water
357,water-0427.jpg,Normal Water
358,water-0428.jpg,Normal Water
359,water-0429.jpg,Normal Water
360,water-0430.jpg,Normal Water
361,water-0431.jpg,Normal Water
362,water-0432.jpg,Normal Water
363,water-0433.jpg,Normal Water
364,water-0434.jpg,Normal Water
365,water-0435.jpg,Normal Water
366,water-0436.jpg,Normal Water
367,water-0437.jpg,Normal Water
368,water-0438.jpg,Normal Water
369,water-0439.jpg,Normal Water
370,water-0440.jpg,Normal Water
371,water-0441.jpg,Normal Water
372,water-0442.jpg,Normal Water
373,water-0443.jpg,Normal Water
374,water-0444.jpg,Normal Water
375,water-0445.jpg,Normal Water
376,water-0446.jpg,Normal Water
377,water-0447.jpg,Normal Water
378,water-0448.jpg,Normal Water
379,water-0449.jpg,Normal Water
380,water-0450.jpg,Normal Water
381,water-0451.jpg,Normal Water
382,water-0452.jpg,Normal Water
383,water-0453.jpg,Normal Water
384,water-0454.jpg,Normal Water
385,water-0455.jpg,Normal Water
386,water-0456.jpg,Normal Water
387,water-0457.jpg,Normal Water
388,water-0458.jpg,Normal Water
389,water-0459.jpg,Normal Water
390,water-0460.jpg,Normal Water
391,water-0461.jpg,Normal Water
392,water-0462.jpg,Normal Water
393,water-0463.jpg,Normal Water
394,water-0464.jpg,Normal Water
395,water-0465.jpg,Normal Water
396,water-0466.jpg,Normal Water
397,water-0467.jpg,Normal Water
398,water-0468.jpg,Normal Water
399,water-0469.jpg,Normal Water
400,water-0470.jpg,Normal Water
401,water-0471.jpg,Normal Water
402,water-0472.jpg,Normal Water
403,water-0473.jpg,Normal Water
404,water-0474.jpg,Normal Water
405,water-0475.jpg,Normal Water
406,water-0476.jpg,Normal Water
407,water-0477.jpg,Normal Water
408,water-0478.jpg,Normal Water
409,water-0479.jpg,Normal Water
410,water-0480.jpg,Normal Water
411,water-0481.jpg,Normal Water
412,water-0482.jpg,Normal Water
413,water-0483.jpg,Normal Water
414,water-0484.jpg,Normal Water
415,water-0485.jpg,Normal Water
416,water-0486.jpg,Normal Water
417,water-0487.jpg,Normal Water
418,water-0488.jpg,Normal Water
419,water-0489.jpg,Normal Water
420,water-0490.jpg,Normal Water
421,water-0491.jpg,Normal Water
422,water-0492.jpg,Normal Water
423,water-0493.jpg,Normal Water
424,water-0494.jpg,Normal Water
425,water-0495.jpg,Normal Water
426,water-0496.jpg,Normal Water
427,water-0497.jpg,Normal Water
428,water-0498.jpg,Normal Water
429,water-0499.jpg,Normal Water
430,water-0500.jpg,Normal Water
431,water-0501.jpg,Normal Water
432,water-0502.jpg,Normal Water
433,water-0503.jpg,Normal Water
434,water-0504.jpg,Normal Water
435,water-0505.jpg,Normal Water
436,water-0506.jpg,Normal Water
437,water-0507.jpg,Normal Water
438,water-0508.jpg,Normal Water
439,water-0509.jpg,Normal Water
440,water-0510.jpg,Normal Water
441,water-0511.jpg,Normal Water
442,water-0512.jpg,Normal Water
443,water-0513.jpg,Normal Water
444,water-0514.jpg,Normal Water
445,water-0515.jpg,Normal Water
446,water-0516.jpg,Normal Water
447,water-0517.jpg,Normal Water
448,water-0518.jpg,Normal Water
449,water-0519.jpg,Normal Water
450,water-0520.jpg,Normal Water
451,water-0521.jpg,Normal Water
452,water-0522.jpg,Normal Water
453,water-0523.jpg,Normal Water
454,water-0524.jpg,Normal Water
455,water-0525.jpg,Normal Water
456,water-0526.jpg,Normal Water
457,water-0527.jpg,Normal Water
458,water-0528.jpg,Normal Water
459,water-0529.jpg,Normal Water
460,water-0530.jpg,Normal Water
461,water-0531.jpg,Normal Water
462,water-0532.jpg,Normal Water
463,water-0533.jpg,Normal Water
464,water-0534.jpg,Normal Water
465,water-0535.jpg,Normal Water
466,water-0536.jpg,Normal Water
467,water-0537.jpg,Normal Water
468,water-0538.jpg,Normal Water
469,water-0539.jpg,Normal Water
470,water-0540.jpg,Normal Water
471,water-0541.jpg,Normal Water
472,water-0542.jpg,Normal Water
473,water-0543.jpg,Normal Water
474,water-0544.jpg,Normal Water
475,water-0545.jpg,Normal Water
476,water-0546.jpg,Normal Water
477,water-0547.jpg,Normal Water
478,water-0548.jpg,Normal Water
479,water-0549.jpg,Normal Water
480,water-0550.jpg,Normal Water
481,water-0551.jpg,Normal Water
482,water-0552.jpg,Normal Water
483,water-0553.jpg,Normal Water
484,water-0554.jpg,Normal Water
485,water-0555.jpg,Normal Water
486,water-0556.jpg,Normal Water
487,water-0557.jpg,Normal Water
488,water-0558.jpg,Normal Water
489,water-0559.jpg,Normal Water
490,water-0560.jpg,Normal Water
491,water-0561.jpg,Normal Water
492,water-0562.jpg,Normal Water
493,water-0563.jpg,Normal Water
494,water-0564.jpg,Normal Water
495,water-0565.jpg,Normal Water
496,water-0566.jpg,Normal Water
497,water-0567.jpg,Normal Water
498,water-0568.jpg,Normal Water
499,water-0569.jpg,Normal Water
500,water-0570.jpg,Normal Water
501,water-0571.jpg,Normal Water
502,water-0572.jpg,Normal Water
503,water-0573.jpg,Normal Water
504,water-0574.jpg,Normal Water
505,water-0575.jpg,Normal Water
506,water-0576.jpg,Normal Water
507,water-0577.jpg,Normal Water
508,water-0578.jpg,Normal Water
509,water-0579.jpg,Normal Water
510,water-0580.jpg,Normal Water
511,water-0581.jpg,Normal Water
512,water-0582.jpg,Normal Water
513,water-0583.jpg,Normal Water
514,water-0584.jpg,Normal Water
515,water-0585.jpg,Normal Water
516,water-0586.jpg,Normal Water
517,water-0587.jpg,Normal Water
518,water-0588.jpg,Normal Water
519,water-0589.jpg,Normal Water
520,water-0590.jpg,Normal Water
521,water-0591.jpg,Normal Water
522,water-0592.jpg,Normal Water
523,water-0593.jpg,Normal Water
524,water-0594.jpg,Normal Water
525,water-0595.jpg,Normal Water
526,water-0596.jpg,Normal Water
527,water-0597.jpg,Normal Water
528,water-0598.jpg,Normal Water
529,water-0599.jpg,Normal Water
530,water-0600.jpg,Normal Water
531,water-0601.jpg,Normal Water
532,water-0602.jpg,Normal Water
533,water-0603.jpg,Normal Water
534,water-0604.jpg,Normal Water
535,water-0605.jpg,Normal Water
536,water-0606.jpg,Normal Water
537,water-0607.jpg,Normal Water
538,water-0608.jpg,Normal Water
539,water-0609.jpg,Normal Water
540,water-0610.jpg,Normal Water
541,water-0611.jpg,Normal Water
542,water-0612.jpg,Normal Water
543,water-0613.jpg,Normal Water
544,water-0614.jpg,Normal Water
545,water-0615.jpg,Normal Water
546,water-0616.jpg,Normal Water
547,water-0617.jpg,Normal Water
548,water-0618.jpg,Normal Water
549,water-0619.jpg,Normal Water
550,water-0620.jpg,Normal Water
551,water-0621.jpg,Normal Water
552,water-0622.jpg,Normal Water
553,water-0623.jpg,Normal Water
554,water-0624.jpg,Normal Water
555,water-0625.jpg,Normal Water
556,water-0626.jpg,Normal Water
557,water-0627.jpg,Normal Water
558,water-0628.jpg,Normal Water
559,water-0629.jpg,Normal Water
