image_name,class
contaminated-0050.jpg,Contaminated Water
contaminated-0051.jpg,Contaminated Water
contaminated-0052.jpg,Contaminated Water
contaminated-0053.jpg,Contaminated Water
contaminated-0054.jpg,Contaminated Water
contaminated-0055.jpg,Contaminated Water
contaminated-0056.jpg,Contaminated Water
contaminated-0057.jpg,Contaminated Water
contaminated-0058.jpg,Contaminated Water
contaminated-0059.jpg,Contaminated Water
contaminated-0060.jpg,Contaminated Water
contaminated-0061.jpg,Contaminated Water
contaminated-0062.jpg,Contaminated Water
contaminated-0063.jpg,Contaminated Water
contaminated-0064.jpg,Contaminated Water
contaminated-0065.jpg,Contaminated Water
contaminated-0066.jpg,Contaminated Water
contaminated-0067.jpg,Contaminated Water
contaminated-0068.jpg,Contaminated Water
contaminated-0069.jpg,Contaminated Water
contaminated-0070.jpg,Contaminated Water
contaminated-0071.jpg,Contaminated Water
contaminated-0072.jpg,Contaminated Water
contaminated-0073.jpg,Contaminated Water
contaminated-0074.jpg,Contaminated Water
contaminated-0075.jpg,Contaminated Water
contaminated-0076.jpg,Contaminated Water
contaminated-0077.jpg,Contaminated Water
contaminated-0078.jpg,Contaminated Water
contaminated-0079.jpg,Contaminated Water
contaminated-0080.jpg,Contaminated Water
contaminated-0081.jpg,Contaminated Water
contaminated-0082.jpg,Contaminated Water
contaminated-0083.jpg,Contaminated Water
contaminated-0084.jpg,Contaminated Water
contaminated-0085.jpg,Contaminated Water
contaminated-0086.jpg,Contaminated Water
contaminated-0087.jpg,Contaminated Water
contaminated-0088.jpg,Contaminated Water
contaminated-0089.jpg,Contaminated Water
contaminated-0090.jpg,Contaminated Water
contaminated-0091.jpg,Contaminated Water
contaminated-0092.jpg,Contaminated Water
contaminated-0093.jpg,Contaminated Water
contaminated-0094.jpg,Contaminated Water
contaminated-0095.jpg,Contaminated Water
contaminated-0096.jpg,Contaminated Water
contaminated-0097.jpg,Contaminated Water
contaminated-0098.jpg,Contaminated Water
contaminated-0099.jpg,Contaminated Water
contaminated-0100.jpg,Contaminated Water
contaminated-0101.jpg,Contaminated Water
contaminated-0102.jpg,Contaminated Water
contaminated-0103.jpg,Contaminated Water
contaminated-0104.jpg,Contaminated Water
contaminated-0105.jpg,Contaminated Water
contaminated-0106.jpg,Contaminated Water
contaminated-0107.jpg,Contaminated Water
contaminated-0108.jpg,Contaminated Water
contaminated-0109.jpg,Contaminated Water
contaminated-0110.jpg,Contaminated Water
contaminated-0111.jpg,Contaminated Water
contaminated-0112.jpg,Contaminated Water
contaminated-0113.jpg,Contaminated Water
contaminated-0114.jpg,Contaminated Water
contaminated-0115.jpg,Contaminated Water
contaminated-0116.jpg,Contaminated Water
contaminated-0117.jpg,Contaminated Water
contaminated-0118.jpg,Contaminated Water
contaminated-0119.jpg,Contaminated Water
contaminated-0120.jpg,Contaminated Water
contaminated-0121.jpg,Contaminated Water
contaminated-0122.jpg,Contaminated Water
contaminated-0123.jpg,Contaminated Water
contaminated-0124.jpg,Contaminated Water
contaminated-0125.jpg,Contaminated Water
contaminated-0126.jpg,Contaminated Water
contaminated-0127.jpg,Contaminated Water
contaminated-0128.jpg,Contaminated Water
contaminated-0129.jpg,Contaminated Water
contaminated-0130.jpg,Contaminated Water
contaminated-0131.jpg,Contaminated Water
contaminated-0132.jpg,Contaminated Water
contaminated-0133.jpg,Contaminated Water
contaminated-0134.jpg,Contaminated Water
contaminated-0135.jpg,Contaminated Water
contaminated-0136.jpg,Contaminated Water
contaminated-0137.jpg,Contaminated Water
contaminated-0138.jpg,Contaminated Water
contaminated-0139.jpg,Contaminated Water
contaminated-0140.jpg,Contaminated Water
contaminated-0141.jpg,Contaminated Water
contaminated-0142.jpg,Contaminated Water
contaminated-0143.jpg,Contaminated Water
contaminated-0144.jpg,Contaminated Water
contaminated-0145.jpg,Contaminated Water
contaminated-0146.jpg,Contaminated Water
contaminated-0147.jpg,Contaminated Water
contaminated-0148.jpg,Contaminated Water
contaminated-0149.jpg,Contaminated Water
contaminated-0150.jpg,Contaminated Water
contaminated-0151.jpg,Contaminated Water
contaminated-0152.jpg,Contaminated Water
contaminated-0153.jpg,Contaminated Water
contaminated-0154.jpg,Contaminated Water
contaminated-0155.jpg,Contaminated Water
contaminated-0156.jpg,Contaminated Water
contaminated-0157.jpg,Contaminated Water
contaminated-0158.jpg,Contaminated Water
contaminated-0159.jpg,Contaminated Water
contaminated-0160.jpg,Contaminated Water
contaminated-0161.jpg,Contaminated Water
contaminated-0162.jpg,Contaminated Water
contaminated-0163.jpg,Contaminated Water
contaminated-0164.jpg,Contaminated Water
contaminated-0165.jpg,Contaminated Water
contaminated-0166.jpg,Contaminated Water
contaminated-0167.jpg,Contaminated Water
contaminated-0168.jpg,Contaminated Water
contaminated-0169.jpg,Contaminated Water
contaminated-0170.jpg,Contaminated Water
contaminated-0171.jpg,Contaminated Water
contaminated-0172.jpg,Contaminated Water
contaminated-0173.jpg,Contaminated Water
contaminated-0174.jpg,Contaminated Water
contaminated-0175.jpg,Contaminated Water
contaminated-0176.jpg,Contaminated Water
contaminated-0177.jpg,Contaminated Water
contaminated-0178.jpg,Contaminated Water
contaminated-0179.jpg,Contaminated Water
contaminated-0180.jpg,Contaminated Water
contaminated-0181.jpg,Contaminated Water
contaminated-0182.jpg,Contaminated Water
contaminated-0183.jpg,Contaminated Water
contaminated-0184.jpg,Contaminated Water
contaminated-0185.jpg,Contaminated Water
contaminated-0186.jpg,Contaminated Water
contaminated-0187.jpg,Contaminated Water
contaminated-0188.jpg,Contaminated Water
contaminated-0189.jpg,Contaminated Water
contaminated-0190.jpg,Contaminated Water
contaminated-0191.jpg,Contaminated Water
contaminated-0192.jpg,Contaminated Water
contaminated-0193.jpg,Contaminated Water
contaminated-0194.jpg,Contaminated Water
contaminated-0195.jpg,Contaminated Water
contaminated-0196.jpg,Contaminated Water
contaminated-0197.jpg,Contaminated Water
contaminated-0198.jpg,Contaminated Water
contaminated-0199.jpg,Contaminated Water
contaminated-0200.jpg,Contaminated Water
contaminated-0201.jpg,Contaminated Water
contaminated-0202.jpg,Contaminated Water
contaminated-0203.jpg,Contaminated Water
contaminated-0204.jpg,Contaminated Water
contaminated-0205.jpg,Contaminated Water
contaminated-0206.jpg,Contaminated Water
contaminated-0207.jpg,Contaminated Water
contaminated-0208.jpg,Contaminated Water
contaminated-0209.jpg,Contaminated Water
contaminated-0210.jpg,Contaminated Water
contaminated-0211.jpg,Contaminated Water
contaminated-0212.jpg,Contaminated Water
contaminated-0213.jpg,Contaminated Water
contaminated-0214.jpg,Contaminated Water
contaminated-0215.jpg,Contaminated Water
contaminated-0216.jpg,Contaminated Water
contaminated-0217.jpg,Contaminated Water
contaminated-0218.jpg,Contaminated Water
contaminated-0219.jpg,Contaminated Water
contaminated-0220.jpg,Contaminated Water
contaminated-0221.jpg,Contaminated Water
contaminated-0222.jpg,Contaminated Water
contaminated-0223.jpg,Contaminated Water
contaminated-0224.jpg,Contaminated Water
contaminated-0225.jpg,Contaminated Water
contaminated-0226.jpg,Contaminated Water
contaminated-0227.jpg,Contaminated Water
contaminated-0228.jpg,Contaminated Water
contaminated-0229.jpg,Contaminated Water
contaminated-0230.jpg,Contaminated Water
contaminated-0231.jpg,Contaminated Water
contaminated-0232.jpg,Contaminated Water
contaminated-0233.jpg,Contaminated Water
contaminated-0234.jpg,Contaminated Water
contaminated-0235.jpg,Contaminated Water
contaminated-0236.jpg,Contaminated Water
contaminated-0237.jpg,Contaminated Water
contaminated-0238.jpg,Contaminated Water
contaminated-0239.jpg,Contaminated Water
contaminated-0240.jpg,Contaminated Water
contaminated-0241.jpg,Contaminated Water
contaminated-0242.jpg,Contaminated Water
contaminated-0243.jpg,Contaminated Water
contaminated-0244.jpg,Contaminated Water
contaminated-0245.jpg,Contaminated Water
contaminated-0246.jpg,Contaminated Water
contaminated-0247.jpg,Contaminated Water
contaminated-0248.jpg,Contaminated Water
contaminated-0249.jpg,Contaminated Water
contaminated-0250.jpg,Contaminated Water
contaminated-0251.jpg,Contaminated Water
contaminated-0252.jpg,Contaminated Water
contaminated-0253.jpg,Contaminated Water
contaminated-0254.jpg,Contaminated Water
contaminated-0255.jpg,Contaminated Water
contaminated-0256.jpg,Contaminated Water
contaminated-0257.jpg,Contaminated Water
contaminated-0258.jpg,Contaminated Water
contaminated-0259.jpg,Contaminated Water
contaminated-0260.jpg,Contaminated Water
contaminated-0261.jpg,Contaminated Water
contaminated-0262.jpg,Contaminated Water
contaminated-0263.jpg,Contaminated Water
contaminated-0264.jpg,Contaminated Water
contaminated-0265.jpg,Contaminated Water
contaminated-0266.jpg,Contaminated Water
contaminated-0267.jpg,Contaminated Water
contaminated-0268.jpg,Contaminated Water
contaminated-0269.jpg,Contaminated Water
contaminated-0270.jpg,Contaminated Water
contaminated-0271.jpg,Contaminated Water
contaminated-0272.jpg,Contaminated Water
contaminated-0273.jpg,Contaminated Water
contaminated-0274.jpg,Contaminated Water
contaminated-0275.jpg,Contaminated Water
contaminated-0276.jpg,Contaminated Water
contaminated-0277.jpg,Contaminated Water
contaminated-0278.jpg,Contaminated Water
contaminated-0279.jpg,Contaminated Water
contaminated-0280.jpg,Contaminated Water
contaminated-0281.jpg,Contaminated Water
contaminated-0282.jpg,Contaminated Water
contaminated-0283.jpg,Contaminated Water
contaminated-0284.jpg,Contaminated Water
contaminated-0285.jpg,Contaminated Water
contaminated-0286.jpg,Contaminated Water
contaminated-0287.jpg,Contaminated Water
contaminated-0288.jpg,Contaminated Water
contaminated-0289.jpg,Contaminated Water
contaminated-0290.jpg,Contaminated Water
contaminated-0291.jpg,Contaminated Water
contaminated-0292.jpg,Contaminated Water
contaminated-0293.jpg,Contaminated Water
contaminated-0294.jpg,Contaminated Water
contaminated-0295.jpg,Contaminated Water
contaminated-0296.jpg,Contaminated Water
contaminated-0297.jpg,Contaminated Water
contaminated-0298.jpg,Contaminated Water
contaminated-0299.jpg,Contaminated Water
contaminated-0300.jpg,Contaminated Water
contaminated-0301.jpg,Contaminated Water
contaminated-0302.jpg,Contaminated Water
contaminated-0303.jpg,Contaminated Water
contaminated-0304.jpg,Contaminated Water
contaminated-0305.jpg,Contaminated Water
contaminated-0306.jpg,Contaminated Water
contaminated-0307.jpg,Contaminated Water
contaminated-0308.jpg,Contaminated Water
contaminated-0309.jpg,Contaminated Water
contaminated-0310.jpg,Contaminated Water
contaminated-0311.jpg,Contaminated Water
contaminated-0312.jpg,Contaminated Water
contaminated-0313.jpg,Contaminated Water
contaminated-0314.jpg,Contaminated Water
contaminated-0315.jpg,Contaminated Water
contaminated-0316.jpg,Contaminated Water
contaminated-0317.jpg,Contaminated Water
contaminated-0318.jpg,Contaminated Water
contaminated-0319.jpg,Contaminated Water
contaminated-0320.jpg,Contaminated Water
contaminated-0321.jpg,Contaminated Water
contaminated-0322.jpg,Contaminated Water
contaminated-0323.jpg,Contaminated Water
contaminated-0324.jpg,Contaminated Water
contaminated-0325.jpg,Contaminated Water
contaminated-0326.jpg,Contaminated Water
contaminated-0327.jpg,Contaminated Water
contaminated-0328.jpg,Contaminated Water
contaminated-0329.jpg,Contaminated Water
contaminated-0330.jpg,Contaminated Water
contaminated-0331.jpg,Contaminated Water
contaminated-0332.jpg,Contaminated Water
contaminated-0333.jpg,Contaminated Water
contaminated-0334.jpg,Contaminated Water
contaminated-0335.jpg,Contaminated Water
contaminated-0336.jpg,Contaminated Water
contaminated-0337.jpg,Contaminated Water
contaminated-0338.jpg,Contaminated Water
contaminated-0339.jpg,Contaminated Water
contaminated-0340.jpg,Contaminated Water
contaminated-0341.jpg,Contaminated Water
contaminated-0342.jpg,Contaminated Water
contaminated-0343.jpg,Contaminated Water
contaminated-0344.jpg,Contaminated Water
contaminated-0345.jpg,Contaminated Water
contaminated-0346.jpg,Contaminated Water
contaminated-0347.jpg,Contaminated Water
contaminated-0348.jpg,Contaminated Water
contaminated-0349.jpg,Contaminated Water
contaminated-0350.jpg,Contaminated Water
water-0351.jpg,Normal Water
water-0352.jpg,Normal Water
water-0353.jpg,Normal Water
water-0354.jpg,Normal Water
water-0355.jpg,Normal Water
water-0356.jpg,Normal Water
water-0357.jpg,Normal Water
water-0358.jpg,Normal Water
water-0359.jpg,Normal Water
water-0360.jpg,Normal Water
water-0361.jpg,Normal Water
water-0362.jpg,Normal Water
water-0363.jpg,Normal Water
water-0364.jpg,Normal Water
water-0365.jpg,Normal Water
water-0366.jpg,Normal Water
water-0367.jpg,Normal Water
water-0368.jpg,Normal Water
water-0369.jpg,Normal Water
water-0370.jpg,Normal Water
water-0371.jpg,Normal Water
water-0372.jpg,Normal Water
water-0373.jpg,Normal Water
water-0374.jpg,Normal Water
water-0375.jpg,Normal Water
water-0376.jpg,Normal Water
water-0377.jpg,Normal Water
water-0378.jpg,Normal Water
water-0379.jpg,Normal Water
water-0380.jpg,Normal Water
water-0381.jpg,Normal Water
water-0382.jpg,Normal Water
water-0383.jpg,Normal Water
water-0384.jpg,Normal Water
water-0385.jpg,Normal Water
water-0386.jpg,Normal Water
water-0387.jpg,Normal Water
water-0388.jpg,Normal Water
water-0389.jpg,Normal Water
water-0390.jpg,Normal Water
water-0391.jpg,Normal Water
water-0392.jpg,Normal Water
water-0393.jpg,Normal Water
water-0394.jpg,Normal Water
water-0395.jpg,Normal Water
water-0396.jpg,Normal Water
water-0397.jpg,Normal Water
water-0398.jpg,Normal Water
water-0399.jpg,Normal Water
water-0400.jpg,Normal Water
water-0401.jpg,Normal Water
water-0402.jpg,Normal Water
water-0403.jpg,Normal Water
water-0404.jpg,Normal Water
water-0405.jpg,Normal Water
water-0406.jpg,Normal Water
water-0407.jpg,Normal Water
water-0408.jpg,Normal Water
water-0409.jpg,Normal Water
water-0410.jpg,Normal Water
water-0411.jpg,Normal Water
water-0412.jpg,Normal Water
water-0413.jpg,Normal Water
water-0414.jpg,Normal Water
water-0415.jpg,Normal Water
water-0416.jpg,Normal Water
water-0417.jpg,Normal Water
water-0418.jpg,Normal Water
water-0419.jpg,Normal Water
water-0420.jpg,Normal Water
water-0421.jpg,Normal Water
water-0422.jpg,Normal Water
water-0423.jpg,Normal Water
water-0424.jpg,Normal Water
water-0425.jpg,Normal Water
water-0426.jpg,Normal Water
water-0427.jpg,Normal Water
water-0428.jpg,Normal Water
water-0429.jpg,Normal Water
water-0430.jpg,Normal Water
water-0431.jpg,Normal Water
water-0432.jpg,Normal Water
water-0433.jpg,Normal Water
water-0434.jpg,Normal Water
water-0435.jpg,Normal Water
water-0436.jpg,Normal Water
water-0437.jpg,Normal Water
water-0438.jpg,Normal Water
water-0439.jpg,Normal Water
water-0440.jpg,Normal Water
water-0441.jpg,Normal Water
water-0442.jpg,Normal Water
water-0443.jpg,Normal Water
water-0444.jpg,Normal Water
water-0445.jpg,Normal Water
water-0446.jpg,Normal Water
water-0447.jpg,Normal Water
water-0448.jpg,Normal Water
water-0449.jpg,Normal Water
water-0450.jpg,Normal Water
water-0451.jpg,Normal Water
water-0452.jpg,Normal Water
water-0453.jpg,Normal Water
water-0454.jpg,Normal Water
water-0455.jpg,Normal Water
water-0456.jpg,Normal Water
water-0457.jpg,Normal Water
water-0458.jpg,Normal Water
water-0459.jpg,Normal Water
water-0460.jpg,Normal Water
water-0461.jpg,Normal Water
water-0462.jpg,Normal Water
water-0463.jpg,Normal Water
water-0464.jpg,Normal Water
water-0465.jpg,Normal Water
water-0466.jpg,Normal Water
water-0467.jpg,Normal Water
water-0468.jpg,Normal Water
water-0469.jpg,Normal Water
water-0470.jpg,Normal Water
water-0471.jpg,Normal Water
water-0472.jpg,Normal Water
water-0473.jpg,Normal Water
water-0474.jpg,Normal Water
water-0475.jpg,Normal Water
water-0476.jpg,Normal Water
water-0477.jpg,Normal Water
water-0478.jpg,Normal Water
water-0479.jpg,Normal Water
water-0480.jpg,Normal Water
water-0481.jpg,Normal Water
water-0482.jpg,Normal Water
water-0483.jpg,Normal Water
water-0484.jpg,Normal Water
water-0485.jpg,Normal Water
water-0486.jpg,Normal Water
water-0487.jpg,Normal Water
water-0488.jpg,Normal Water
water-0489.jpg,Normal Water
water-0490.jpg,Normal Water
water-0491.jpg,Normal Water
water-0492.jpg,Normal Water
water-0493.jpg,Normal Water
water-0494.jpg,Normal Water
water-0495.jpg,Normal Water
water-0496.jpg,Normal Water
water-0497.jpg,Normal Water
water-0498.jpg,Normal Water
water-0499.jpg,Normal Water
water-0500.jpg,Normal Water
water-0501.jpg,Normal Water
water-0502.jpg,Normal Water
water-0503.jpg,Normal Water
water-0504.jpg,Normal Water
water-0505.jpg,Normal Water
water-0506.jpg,Normal Water
water-0507.jpg,Normal Water
water-0508.jpg,Normal Water
water-0509.jpg,Normal Water
water-0510.jpg,Normal Water
water-0511.jpg,Normal Water
water-0512.jpg,Normal Water
water-0513.jpg,Normal Water
water-0514.jpg,Normal Water
water-0515.jpg,Normal Water
water-0516.jpg,Normal Water
water-0517.jpg,Normal Water
water-0518.jpg,Normal Water
water-0519.jpg,Normal Water
water-0520.jpg,Normal Water
water-0521.jpg,Normal Water
water-0522.jpg,Normal Water
water-0523.jpg,Normal Water
water-0524.jpg,Normal Water
water-0525.jpg,Normal Water
water-0526.jpg,Normal Water
water-0527.jpg,Normal Water
water-0528.jpg,Normal Water
water-0529.jpg,Normal Water
water-0530.jpg,Normal Water
water-0531.jpg,Normal Water
water-0532.jpg,Normal Water
water-0533.jpg,Normal Water
water-0534.jpg,Normal Water
water-0535.jpg,Normal Water
water-0536.jpg,Normal Water
water-0537.jpg,Normal Water
water-0538.jpg,Normal Water
water-0539.jpg,Normal Water
water-0540.jpg,Normal Water
water-0541.jpg,Normal Water
water-0542.jpg,Normal Water
water-0543.jpg,Normal Water
water-0544.jpg,Normal Water
water-0545.jpg,Normal Water
water-0546.jpg,Normal Water
water-0547.jpg,Normal Water
water-0548.jpg,Normal Water
water-0549.jpg,Normal Water
water-0550.jpg,Normal Water
water-0551.jpg,Normal Water
water-0552.jpg,Normal Water
water-0553.jpg,Normal Water
water-0554.jpg,Normal Water
water-0555.jpg,Normal Water
water-0556.jpg,Normal Water
water-0557.jpg,Normal Water
water-0558.jpg,Normal Water
water-0559.jpg,Normal Water
water-0560.jpg,Normal Water
water-0561.jpg,Normal Water
water-0562.jpg,Normal Water
water-0563.jpg,Normal Water
water-0564.jpg,Normal Water
water-0565.jpg,Normal Water
water-0566.jpg,Normal Water
water-0567.jpg,Normal Water
water-0568.jpg,Normal Water
water-0569.jpg,Normal Water
water-0570.jpg,Normal Water
water-0571.jpg,Normal Water
water-0572.jpg,Normal Water
water-0573.jpg,Normal Water
water-0574.jpg,Normal Water
water-0575.jpg,Normal Water
water-0576.jpg,Normal Water
water-0577.jpg,Normal Water
water-0578.jpg,Normal Water
water-0579.jpg,Normal Water
water-0580.jpg,Normal Water
water-0581.jpg,Normal Water
water-0582.jpg,Normal Water
water-0583.jpg,Normal Water
water-0584.jpg,Normal Water
water-0585.jpg,Normal Water
water-0586.jpg,Normal Water
water-0587.jpg,Normal Water
water-0588.jpg,Normal Water
water-0589.jpg,Normal Water
water-0590.jpg,Normal Water
water-0591.jpg,Normal Water
water-0592.jpg,Normal Water
water-0593.jpg,Normal Water
water-0594.jpg,Normal Water
water-0595.jpg,Normal Water
water-0596.jpg,Normal Water
water-0597.jpg,Normal Water
water-0598.jpg,Normal Water
water-0599.jpg,Normal Water
